Country,Abbreviation,Land_Area,Army_size,Capital,C02_Emissions,Currency_code,GDP,Official_lang,Population,Latitude,Longitude,flag_img_url
Afghanistan,AF,"652,230","323,000",Kabul,"8,672",AFN,"19,101,353,833",Pashto,"38,041,754",33.93911,67.709953,https://upload.wikimedia.org/wikipedia/commons/9/9a/Flag_of_Afghanistan.svg
Albania,AL,"28,748","9,000",Tirana,"4,536",ALL,"15,278,077,447",Albanian,"2,854,191",41.153332,20.168331,https://upload.wikimedia.org/wikipedia/commons/3/36/Flag_of_Albania.svg
Algeria,DZ,"2,381,741","317,000",Algiers,"150,006",DZD,"169,988,236,398",Arabic,"43,053,054",28.033886,1.659626,https://upload.wikimedia.org/wikipedia/commons/7/77/Flag_of_Algeria.svg
Andorra,AD,468,,Andorra la Vella,469,EUR,"3,154,057,987",Catalan,"77,142",42.506285,1.521801,https://upload.wikimedia.org/wikipedia/commons/1/19/Flag_of_Andorra.svg
Angola,AO,"1,246,700","117,000",Luanda,"34,693",AOA,"94,635,415,870",Portuguese,"31,825,295",-11.202692,17.873887,https://upload.wikimedia.org/wikipedia/commons/9/9d/Flag_of_Angola.svg
Antigua and Barbuda,AG,443,0,"St. John's, Saint John",557,XCD,"1,727,759,259",English,"97,118",17.060816,-61.796428,https://upload.wikimedia.org/wikipedia/commons/8/89/Flag_of_Antigua_and_Barbuda.svg
Argentina,AR,"2,780,400","105,000",Buenos Aires,"201,348",ARS,"449,663,446,954",Spanish,"44,938,712",-38.416097,-63.616672,https://upload.wikimedia.org/wikipedia/commons/1/1a/Flag_of_Argentina.svg
Armenia,AM,"29,743","49,000",Yerevan,"5,156",AMD,"13,672,802,158",Armenian,"2,957,731",40.069099,45.038189,https://upload.wikimedia.org/wikipedia/commons/2/2f/Flag_of_Armenia.svg
Australia,AU,"7,741,220","58,000",Canberra,"375,908",AUD,"1,392,680,589,329",None,"25,766,605",-25.274398,133.775136,https://upload.wikimedia.org/wikipedia/commons/8/88/Flag_of_Australia_%28converted%29.svg
Austria,AT,"83,871","21,000",Vienna,"61,448",EUR,"446,314,739,528",German,"8,877,067",47.516231,14.550072,https://upload.wikimedia.org/wikipedia/commons/4/41/Flag_of_Austria.svg
Azerbaijan,AZ,"86,600","82,000",Baku,"37,620",AZN,"39,207,000,000",Azerbaijani language,"10,023,318",40.143105,47.576927,https://upload.wikimedia.org/wikipedia/commons/d/dd/Flag_of_Azerbaijan.svg
The Bahamas,BS,"13,880","1,000","Nassau, Bahamas","1,786",,"12,827,000,000",English,"389,482",25.03428,-77.39628,https://upload.wikimedia.org/wikipedia/commons/9/93/Flag_of_the_Bahamas.svg
Bahrain,BH,765,"19,000",Manama,"31,694",BHD,"38,574,069,149",Arabic,"1,501,635",26.0667,50.5577,https://upload.wikimedia.org/wikipedia/commons/2/2c/Flag_of_Bahrain.svg
Bangladesh,BD,"148,460","221,000",Dhaka,"84,246",BDT,"302,571,254,131",Bengali,"167,310,838",23.684994,90.356331,https://upload.wikimedia.org/wikipedia/commons/f/f9/Flag_of_Bangladesh.svg
Barbados,BB,430,"1,000",Bridgetown,"1,276",BBD,"5,209,000,000",English,"287,025",13.193887,-59.543198,https://upload.wikimedia.org/wikipedia/commons/e/ef/Flag_of_Barbados.svg
Belarus,BY,"207,600","155,000",Minsk,"58,280",BYN,"63,080,457,023",Russian,"9,466,856",53.709807,27.953389,https://upload.wikimedia.org/wikipedia/commons/8/85/Flag_of_Belarus.svg
Belgium,BE,"30,528","32,000",City of Brussels,"96,889",EUR,"529,606,710,418",French,"11,484,055",50.503887,4.469936,https://upload.wikimedia.org/wikipedia/commons/9/92/Flag_of_Belgium_%28civil%29.svg
Belize,BZ,"22,966","2,000",Belmopan,568,BZD,"1,879,613,600",English,"390,353",17.189877,-88.49765,https://upload.wikimedia.org/wikipedia/commons/e/e7/Flag_of_Belize.svg
Benin,BJ,"112,622","12,000",Porto-Novo,"6,476",XOF,"14,390,709,095",French,"11,801,151",9.30769,2.315834,https://upload.wikimedia.org/wikipedia/commons/0/0a/Flag_of_Benin.svg
Bhutan,BT,"38,394","6,000",Thimphu,"1,261",,"2,446,674,101",Dzongkha,"727,145",27.514162,90.433601,https://upload.wikimedia.org/wikipedia/commons/9/91/Flag_of_Bhutan.svg
Bolivia,BO,"1,098,581","71,000",Sucre,"21,606",BOB,"40,895,322,865",Spanish,"11,513,100",-16.290154,-63.588653,https://upload.wikimedia.org/wikipedia/commons/4/48/Flag_of_Bolivia.svg
Bosnia and Herzegovina,BA,"51,197","11,000",Sarajevo,"21,848",BAM,"20,047,848,435",Bosnian,"3,301,000",43.915886,17.679076,https://upload.wikimedia.org/wikipedia/commons/b/bf/Flag_of_Bosnia_and_Herzegovina.svg
Botswana,BW,"581,730","9,000",Gaborone,"6,340",BWP,"18,340,510,789",English,"2,346,179",-22.328474,24.684866,https://upload.wikimedia.org/wikipedia/commons/f/fa/Flag_of_Botswana.svg
Brazil,BR,"8,515,770","730,000",Bras���,"462,299",BRL,"1,839,758,040,766",Portuguese,"212,559,417",-14.235004,-51.92528,https://upload.wikimedia.org/wikipedia/en/0/05/Flag_of_Brazil.svg
Brunei,BN,"5,765","8,000",Bandar Seri Begawan,"7,664",BND,"13,469,422,941",Malay,"433,285",4.535277,114.727669,https://upload.wikimedia.org/wikipedia/commons/9/9c/Flag_of_Brunei.svg
Bulgaria,BG,"110,879","31,000",Sofia,"41,708",BGN,"86,000,000,000",Bulgarian,"6,975,761",42.733883,25.48583,https://upload.wikimedia.org/wikipedia/commons/9/9a/Flag_of_Bulgaria.svg
Burkina Faso,BF,"274,200","11,000",Ouagadougou,"3,418",XOF,"15,745,810,235",French,"20,321,378",12.238333,-1.561593,https://upload.wikimedia.org/wikipedia/commons/3/31/Flag_of_Burkina_Faso.svg
Burundi,BI,"27,830","31,000",Bujumbura,495,BIF,"3,012,334,882",Kirundi,"11,530,580",-3.373056,29.918886,https://upload.wikimedia.org/wikipedia/commons/5/50/Flag_of_Burundi.svg
Ivory Coast,CI,"322,463","27,000",Yamoussoukro,"9,674",XOF,"58,792,205,642",French,"25,716,544",7.539989,-5.54708,https://upload.wikimedia.org/wikipedia/commons/f/fe/Flag_of_C%C3%B4te_d%27Ivoire.svg
Cape Verde,CV,"4,033","1,000",Praia,543,CVE,"1,981,845,741",Portuguese,"483,628",16.5388,-23.0418,https://upload.wikimedia.org/wikipedia/commons/3/38/Flag_of_Cape_Verde.svg
Cambodia,KH,"181,035","191,000",Phnom Penh,"9,919",,"27,089,389,787",Khmer language,"16,486,542",12.565679,104.990963,https://upload.wikimedia.org/wikipedia/commons/8/83/Flag_of_Cambodia.svg
Cameroon,CM,"475,440","24,000",Yaound�,"8,291",XAF,"38,760,467,033",French,"25,876,380",7.369722,12.354722,https://upload.wikimedia.org/wikipedia/commons/4/4f/Flag_of_Cameroon.svg
Canada,CA,"9,984,670","72,000",Ottawa,"544,894",CAD,"1,736,425,629,520",French,"36,991,981",56.130366,-106.346771,https://upload.wikimedia.org/wikipedia/en/c/cf/Flag_of_Canada.svg 
Central African Republic,CF,"622,984","8,000",Bangui,297,,"2,220,307,369",French,"4,745,185",6.611111,20.939444,https://upload.wikimedia.org/wikipedia/commons/6/6f/Flag_of_the_Central_African_Republic.svg
Chad,TD,"1,284,000","35,000",N'Djamena,"1,016",XAF,"11,314,951,343",French,"15,946,876",15.454166,18.732207,https://upload.wikimedia.org/wikipedia/commons/4/4b/Flag_of_Chad.svg
Chile,CL,"756,096","122,000",Santiago,"85,822",CLP,"282,318,159,745",Spanish,"18,952,038",-35.675147,-71.542969,https://upload.wikimedia.org/wikipedia/commons/7/78/Flag_of_Chile.svg
China,CN,"9,596,960","2,695,000",Beijing,"9,893,038",CNY,"19,910,000,000,000",Standard Chinese,"1,397,715,000",35.86166,104.195397,https://upload.wikimedia.org/wikipedia/commons/f/fa/Flag_of_the_People%27s_Republic_of_China.svg
Colombia,CO,"1,138,910","481,000",Bogot�,"97,814",COP,"323,802,808,108",Spanish,"50,339,443",4.570868,-74.297333,https://upload.wikimedia.org/wikipedia/commons/2/21/Flag_of_Colombia.svg
Comoros,KM,"2,235",,"Moroni, Comoros",202,KMF,"1,185,728,677",French,"850,886",-11.6455,43.3333,https://upload.wikimedia.org/wikipedia/commons/9/94/Flag_of_the_Comoros.svg
Republic of the Congo,,"342,000","12,000",Brazzaville,"3,282",XAF,"10,820,591,131",French,"5,380,508",-0.228021,15.827659,https://upload.wikimedia.org/wikipedia/commons/9/92/Flag_of_the_Republic_of_the_Congo.svg
Costa Rica,CR,"51,100","10,000",San Jos������,"8,023",CRC,"61,773,944,174",Spanish,"5,047,561",9.748917,-83.753428,https://upload.wikimedia.org/wikipedia/commons/f/f2/Flag_of_Costa_Rica.svg
Croatia,HR,"56,594","18,000",Zagreb,"17,488",HRK,"60,415,553,039",Croatian,"4,067,500",45.1,15.2,https://upload.wikimedia.org/wikipedia/commons/1/1b/Flag_of_Croatia.svg
Cuba,CU,"110,860","76,000",Havana,"28,284",CUP,"100,023,000,000",Spanish,"11,333,483",21.521757,-77.781167,https://upload.wikimedia.org/wikipedia/commons/b/bd/Flag_of_Cuba.svg
Cyprus,CY,"9,251","16,000",Nicosia,"6,626",EUR,"24,564,647,935",Greek,"1,198,575",35.126413,33.429859,https://upload.wikimedia.org/wikipedia/commons/d/d4/Flag_of_Cyprus.svg
Czech Republic,CZ,"78,867","23,000",Prague,"102,218",CZK,"246,489,245,495",Czech,"10,669,709",49.817492,15.472962,https://upload.wikimedia.org/wikipedia/commons/c/cb/Flag_of_the_Czech_Republic.svg
Democratic Republic of the Congo,CD,"2,344,858","134,000",Kinshasa,"2,021",CDF,"47,319,624,204",French,"86,790,567",-4.038333,21.758664,https://upload.wikimedia.org/wikipedia/commons/6/6f/Flag_of_the_Democratic_Republic_of_the_Congo.svg
Denmark,DK,"43,094","15,000",Copenhagen,"31,786",DKK,"348,078,018,464",Danish,"5,818,553",56.26392,9.501785,https://upload.wikimedia.org/wikipedia/commons/9/9c/Flag_of_Denmark.svg
Djibouti,DJ,"23,200","13,000",Djibouti City,620,DJF,"3,318,716,359",French,"973,560",11.825138,42.590275,https://upload.wikimedia.org/wikipedia/commons/3/34/Flag_of_Djibouti.svg
Dominica,DM,751,,Roseau,180,XCD,"596,033,333",English,"71,808",15.414999,-61.370976,https://upload.wikimedia.org/wikipedia/commons/c/c4/Flag_of_Dominica.svg
Dominican Republic,DO,"48,670","71,000",Santo Domingo,"25,258",DOP,"88,941,298,258",Spanish,"10,738,958",18.735693,-70.162651,https://upload.wikimedia.org/wikipedia/commons/9/9f/Flag_of_the_Dominican_Republic.svg
Ecuador,EC,"283,561","41,000",Quito,"41,155",USD,"107,435,665,000",Spanish,"17,373,662",-1.831239,-78.183406,https://upload.wikimedia.org/wikipedia/commons/e/e8/Flag_of_Ecuador.svg
Egypt,EG,"1,001,450","836,000",Cairo,"238,560",EGP,"303,175,127,598",Modern Standard Arabic,"100,388,073",26.820553,30.802498,https://upload.wikimedia.org/wikipedia/commons/f/fe/Flag_of_Egypt.svg
El Salvador,SV,"21,041","42,000",San Salvador,"7,169",,"27,022,640,000",Spanish,"6,453,553",13.794185,-88.89653,https://upload.wikimedia.org/wikipedia/commons/3/34/Flag_of_El_Salvador.svg
Equatorial Guinea,GQ,"28,051","1,000",Malabo,"5,655",XAF,"11,026,774,945",Spanish,"1,355,986",1.650801,10.267895,https://upload.wikimedia.org/wikipedia/commons/3/31/Flag_of_Equatorial_Guinea.svg
Eritrea,ER,"117,600","202,000",Asmara,711,ERN,"2,065,001,626",Tigrinya,"6,333,135",15.179384,39.782334,https://upload.wikimedia.org/wikipedia/commons/2/29/Flag_of_Eritrea.svg
Estonia,EE,"45,228","6,000",Tallinn,"16,590",EUR,"31,386,949,981",Estonian,"1,331,824",58.595272,25.013607,https://upload.wikimedia.org/wikipedia/commons/8/8f/Flag_of_Estonia.svg
Eswatini,,"17,364",,Mbabane,,,"3,791,304,348",English,"1,093,238",-26.522503,31.465866,https://upload.wikimedia.org/wikipedia/commons/f/fb/Flag_of_Eswatini.svg
Ethiopia,ET,"1,104,300","138,000",Addis Ababa,"14,870",ETB,"96,107,662,398",Amharic,"112,078,730",9.145,40.489673,https://upload.wikimedia.org/wikipedia/commons/7/71/Flag_of_Ethiopia.svg
Fiji,FJ,"18,274","4,000",Suva,"2,046",FJD,"5,535,548,972",Fiji Hindi,"889,953",-17.713371,178.065032,https://upload.wikimedia.org/wikipedia/commons/b/ba/Flag_of_Fiji.svg
Finland,FI,"338,145","25,000",Helsinki,"45,871",EUR,"268,761,201,365",Swedish,"5,520,314",61.92411,25.748151,https://upload.wikimedia.org/wikipedia/commons/b/bc/Flag_of_Finland.svg
France,FR,"643,801","307,000",Paris,"303,276",EUR,"2,715,518,274,227",French,"67,059,887",46.227638,2.213749,https://upload.wikimedia.org/wikipedia/en/c/c3/Flag_of_France.svg
Gabon,GA,"267,667","7,000",Libreville,"5,321",XAF,"16,657,960,228",French,"2,172,579",-0.803689,11.609444,https://upload.wikimedia.org/wikipedia/commons/0/04/Flag_of_Gabon.svg
The Gambia,GM,"11,300","1,000",Banjul,532,GMD,"1,763,819,048",English,"2,347,706",13.443182,-15.310139,https://upload.wikimedia.org/wikipedia/commons/7/77/Flag_of_The_Gambia.svg
Georgia,GE,"69,700","26,000",Tbilisi,"10,128",GEL,"17,743,195,770",Georgian,"3,720,382",42.315407,43.356892,https://upload.wikimedia.org/wikipedia/commons/0/0f/Flag_of_Georgia.svg
Germany,DE,"357,022","180,000",Berlin,"727,973",EUR,"3,845,630,030,824",German,"83,132,799",51.165691,10.451526,https://upload.wikimedia.org/wikipedia/en/b/ba/Flag_of_Germany.svg
Ghana,GH,"238,533","16,000",Accra,"16,670",GHS,"66,983,634,224",English,"30,792,608",7.946527,-1.023194,https://upload.wikimedia.org/wikipedia/commons/1/19/Flag_of_Ghana.svg
Greece,GR,"131,957","146,000",Athens,"62,434",EUR,"209,852,761,469",Greek,"10,716,322",39.074208,21.824312,https://upload.wikimedia.org/wikipedia/commons/5/5c/Flag_of_Greece.svg
Grenada,GD,349,,"St. George's, Grenada",268,XCD,"1,228,170,370",English,"112,003",12.1165,-61.679,https://upload.wikimedia.org/wikipedia/commons/b/bc/Flag_of_Grenada.svg
Guatemala,GT,"108,889","43,000",Guatemala City,"16,777",GTQ,"76,710,385,880",Spanish,"16,604,026",15.783471,-90.230759,https://upload.wikimedia.org/wikipedia/commons/e/ec/Flag_of_Guatemala.svg
Guinea,GN,"245,857","13,000",Conakry,"2,996",GNF,"13,590,281,809",French,"12,771,246",9.945587,-9.696645,https://upload.wikimedia.org/wikipedia/commons/e/ed/Flag_of_Guinea.svg
Guinea-Bissau,GW,"36,125","4,000",Bissau,293,XOF,"1,340,389,411",Portuguese,"1,920,922",11.803749,-15.180413,https://upload.wikimedia.org/wikipedia/commons/0/01/Flag_of_Guinea-Bissau.svg
Guyana,GY,"214,969","3,000","Georgetown, Guyana","2,384",GYD,"4,280,443,645",English,"782,766",4.860416,-58.93018,https://upload.wikimedia.org/wikipedia/commons/9/99/Flag_of_Guyana.svg
Haiti,HT,"27,750",0,Port-au-Prince,"2,978",HTG,"8,498,981,821",French,"11,263,077",18.971187,-72.285215,https://upload.wikimedia.org/wikipedia/commons/5/56/Flag_of_Haiti.svg
Vatican City,,0,,Vatican City,,EUR,,Italian,836,41.902916,12.453389,https://upload.wikimedia.org/wikipedia/commons/0/00/Flag_of_the_Vatican_City.svg
Honduras,HN,"112,090","23,000",Tegucigalpa,"9,813",HNL,"25,095,395,475",Spanish,"9,746,117",15.199999,-86.241905,https://upload.wikimedia.org/wikipedia/commons/8/82/Flag_of_Honduras.svg
Hungary,HU,"93,028","40,000",Budapest,"45,537",HUF,"160,967,157,504",Hungarian,"9,769,949",47.162494,19.503304,https://upload.wikimedia.org/wikipedia/commons/c/c1/Flag_of_Hungary.svg
Iceland,IS,"103,000",0,Reykjav��,"2,065",ISK,"24,188,035,739",Icelandic,"361,313",64.963051,-19.020835,https://upload.wikimedia.org/wikipedia/commons/c/ce/Flag_of_Iceland.svg
India,IN,"3,287,263","3,031,000",New Delhi,"2,407,672",INR,"2,611,000,000,000",Hindi,"1,366,417,754",20.593684,78.96288,https://upload.wikimedia.org/wikipedia/en/4/41/Flag_of_India.svg
Indonesia,ID,"1,904,569","676,000",Jakarta,"563,325",IDR,"1,119,190,780,753",Indonesian,"270,203,917",-0.789275,113.921327,https://upload.wikimedia.org/wikipedia/commons/9/9f/Flag_of_Indonesia.svg
Iran,IR,"1,648,195","563,000",Tehran,"661,710",IRR,"445,345,282,123",Persian,"82,913,906",32.427908,53.688046,https://upload.wikimedia.org/wikipedia/commons/c/ca/Flag_of_Iran.svg
Iraq,IQ,"438,317","209,000",Baghdad,"190,061",IQD,"234,094,042,939",Arabic,"39,309,783",33.223191,43.679291,https://upload.wikimedia.org/wikipedia/commons/f/f6/Flag_of_Iraq.svg
Republic of Ireland,,"70,273","9,000",Dublin,"37,711",EUR,"388,698,711,348",Irish,"5,007,069",53.41291,-8.24389,https://upload.wikimedia.org/wikipedia/commons/4/45/Flag_of_Ireland.svg
Israel,IL,"20,770","178,000",Jerusalem,"65,166",ILS,"395,098,666,122",Hebrew,"9,053,300",31.046051,34.851612,https://upload.wikimedia.org/wikipedia/commons/d/d4/Flag_of_Israel.svg
Italy,IT,"301,340","347,000",Rome,"320,411",EUR,"2,001,244,392,042",Italian,"60,297,396",41.87194,12.56738,https://upload.wikimedia.org/wikipedia/en/0/03/Flag_of_Italy.svg
Jamaica,JM,"10,991","4,000","Kingston, Jamaica","8,225",JMD,"16,458,071,068",Jamaican English,"2,948,279",18.109581,-77.297508,https://upload.wikimedia.org/wikipedia/commons/0/0a/Flag_of_Jamaica.svg
Japan,JP,"377,944","261,000",Tokyo,"1,135,886",,"5,081,769,542,380",None,"126,226,568",36.204824,138.252924,https://upload.wikimedia.org/wikipedia/en/9/9e/Flag_of_Japan.svg
Jordan,JO,"89,342","116,000",Amman,"25,108",JOD,"43,743,661,972",Arabic,"10,101,694",30.585164,36.238414,https://upload.wikimedia.org/wikipedia/commons/c/c0/Flag_of_Jordan.svg
Kazakhstan,KZ,"2,724,900","71,000",Astana,"247,207",KZT,"180,161,741,180",Russian,"18,513,930",48.019573,66.923684,https://upload.wikimedia.org/wikipedia/commons/d/d3/Flag_of_Kazakhstan.svg
Kenya,KE,"580,367","29,000",Nairobi,"17,910",KES,"95,503,088,538",Swahili,"52,573,973",-0.023559,37.906193,https://upload.wikimedia.org/wikipedia/commons/4/49/Flag_of_Kenya.svg
Kiribati,KI,811,,South Tarawa,66,AUD,"194,647,202",English,"117,606",1.8368976,-157.3768317,https://upload.wikimedia.org/wikipedia/commons/d/d3/Flag_of_Kiribati.svg
Kuwait,KW,"17,818","25,000",Kuwait City,"98,734",KWD,"134,761,198,946",Modern Standard Arabic,"4,207,083",29.31166,47.481766,https://upload.wikimedia.org/wikipedia/commons/a/aa/Flag_of_Kuwait.svg
Kyrgyzstan,KG,"199,951","21,000",Bishkek,"9,787",KGS,"8,454,619,608",Russian,"6,456,900",41.20438,74.766098,https://upload.wikimedia.org/wikipedia/commons/c/c7/Flag_of_Kyrgyzstan.svg
Laos,LA,"236,800","129,000",Vientiane,"17,763",LAK,"18,173,839,128",Lao,"7,169,455",19.85627,102.495496,https://upload.wikimedia.org/wikipedia/commons/5/56/Flag_of_Laos.svg
Latvia,LV,"64,589","6,000",Riga,"7,004",EUR,"34,117,202,555",Latvian,"1,912,789",56.879635,24.603189,https://upload.wikimedia.org/wikipedia/commons/8/84/Flag_of_Latvia.svg
Lebanon,LB,"10,400","80,000",Beirut,"24,796",LBP,"53,367,042,272",Arabic,"6,855,713",33.854721,35.862285,https://upload.wikimedia.org/wikipedia/commons/5/59/Flag_of_Lebanon.svg
Lesotho,LS,"30,355","2,000",Maseru,"2,512",,"2,460,072,444",English,"2,125,268",-29.609988,28.233608,https://upload.wikimedia.org/wikipedia/commons/4/4a/Flag_of_Lesotho.svg
Liberia,LR,"111,369","2,000",Monrovia,"1,386",,"3,070,518,100",English,"4,937,374",6.428055,-9.429499,https://upload.wikimedia.org/wikipedia/commons/b/b8/Flag_of_Liberia.svg
Libya,LY,"1,759,540",0,,"50,564",LYD,"52,076,250,948",Arabic,"6,777,452",26.3351,17.228331,https://upload.wikimedia.org/wikipedia/commons/0/05/Flag_of_Libya.svg
Liechtenstein,LI,160,0,Vaduz,51,CHF,"6,552,858,739",German,"38,019",47.1410392,9.520935,https://upload.wikimedia.org/wikipedia/commons/4/47/Flag_of_Liechtenstein.svg
Lithuania,LT,"65,300","34,000",Vilnius,"12,963",EUR,"54,219,315,600",Lithuanian,"2,786,844",55.169438,23.881275,https://upload.wikimedia.org/wikipedia/commons/1/11/Flag_of_Lithuania.svg
Luxembourg,LU,"2,586","2,000",Luxembourg City,"8,988",EUR,"71,104,919,108",Luxembourgish,"645,397",49.815273,6.129583,https://upload.wikimedia.org/wikipedia/commons/d/da/Flag_of_Luxembourg.svg
Madagascar,MG,"587,041","22,000",Antananarivo,"3,905",MGA,"14,083,906,357",French,"26,969,307",-18.766947,46.869107,https://upload.wikimedia.org/wikipedia/commons/b/bc/Flag_of_Madagascar.svg
Malawi,MW,"118,484","15,000",Lilongwe,"1,298",MWK,"7,666,704,427",English,"18,628,747",-13.254308,34.301525,https://upload.wikimedia.org/wikipedia/commons/d/d1/Flag_of_Malawi.svg
Malaysia,MY,"329,847","136,000",Kuala Lumpur,"248,289",MYR,"364,701,517,788",Malaysian language,"32,447,385",4.210484,101.975766,https://upload.wikimedia.org/wikipedia/commons/6/66/Flag_of_Malaysia.svg
Maldives,MV,298,"5,000",Mal�,"1,445",,"5,729,248,472",Divehi,"530,953",3.202778,73.22068,https://upload.wikimedia.org/wikipedia/commons/0/0f/Flag_of_Maldives.svg
Mali,ML,"1,240,192","18,000",Bamako,"3,179",XOF,"17,510,141,171",French,"19,658,031",17.570692,-3.996166,https://upload.wikimedia.org/wikipedia/commons/9/92/Flag_of_Mali.svg
Malta,MT,316,"2,000",Valletta,"1,342",EUR,"14,786,156,563",Maltese,"502,653",35.937496,14.375416,https://upload.wikimedia.org/wikipedia/commons/7/73/Flag_of_Malta.svg
Marshall Islands,MH,181,0,Majuro,143,USD,"221,278,000",Marshallese,"58,791",7.131474,171.184478,https://upload.wikimedia.org/wikipedia/commons/2/2e/Flag_of_the_Marshall_Islands.svg
Mauritania,MR,"1,030,700","21,000",Nouakchott,"2,739",MRU,"7,593,752,450",Arabic,"4,525,696",21.00789,-10.940835,https://upload.wikimedia.org/wikipedia/commons/4/43/Flag_of_Mauritania.svg
Mauritius,MU,"2,040","3,000",Port Louis,"4,349",MUR,"14,180,444,557",French,"1,265,711",-20.348404,57.552152,https://upload.wikimedia.org/wikipedia/commons/7/77/Flag_of_Mauritius.svg
Mexico,MX,"1,964,375","336,000",Mexico City,"486,406",MXN,"1,258,286,717,125",None,"126,014,024",23.634501,-102.552784,https://upload.wikimedia.org/wikipedia/commons/f/fc/Flag_of_Mexico.svg
Federated States of Micronesia,FM,702,0,Palikir,143,USD,"401,932,279",English,"113,815",7.425554,150.550812,https://upload.wikimedia.org/wikipedia/commons/e/e4/Flag_of_the_Federated_States_of_Micronesia.svg
Moldova,MD,"33,851","7,000",Chi����,"5,115",MDL,"11,955,435,457",Romanian,"2,657,637",47.411631,28.369885,https://upload.wikimedia.org/wikipedia/commons/2/27/Flag_of_Moldova.svg
Monaco,MC,2,0,Monaco City,,EUR,"7,184,844,193",French,"38,964",43.7384176,7.4246158,https://upload.wikimedia.org/wikipedia/commons/e/ea/Flag_of_Monaco.svg
Mongolia,MN,"1,564,116","18,000",Ulaanbaatar,"25,368",MNT,"13,852,850,259",Mongolian,"3,225,167",46.862496,103.846656,https://upload.wikimedia.org/wikipedia/commons/4/4c/Flag_of_Mongolia.svg
Montenegro,ME,"13,812","12,000",Podgorica,"2,017",EUR,"5,494,736,901",Montenegrin language,"622,137",42.708678,19.37439,https://upload.wikimedia.org/wikipedia/commons/6/64/Flag_of_Montenegro.svg
Morocco,MA,"446,550","246,000",Rabat,"61,276",MAD,"118,725,279,596",Arabic,"36,910,560",31.791702,-7.09262,https://upload.wikimedia.org/wikipedia/commons/2/2c/Flag_of_Morocco.svg
Mozambique,MZ,"799,380","11,000",Maputo,"7,943",MZN,"14,934,159,926",Portuguese,"30,366,036",-18.665695,35.529562,https://upload.wikimedia.org/wikipedia/commons/d/d0/Flag_of_Mozambique.svg
Myanmar,MM,"676,578","513,000",Naypyidaw,"25,280",MMK,"76,085,852,617",Burmese,"54,045,420",21.916221,95.955974,https://upload.wikimedia.org/wikipedia/commons/8/8c/Flag_of_Myanmar.svg
Namibia,,"824,292","16,000",Windhoek,"4,228",,"12,366,527,719",English,"2,494,530",-22.95764,18.49041,https://upload.wikimedia.org/wikipedia/commons/0/00/Flag_of_Namibia.svg
Nauru,NR,21,0,Yaren District,,AUD,"133,000,000",English,"10,084",-0.522778,166.931503,https://upload.wikimedia.org/wikipedia/commons/3/30/Flag_of_Nauru.svg
Nepal,NP,"147,181","112,000",Kathmandu,"9,105",NPR,"30,641,380,604",Nepali,"28,608,710",28.394857,84.124008,https://upload.wikimedia.org/wikipedia/commons/9/9b/Flag_of_Nepal.svg
Netherlands,NL,"41,543","41,000",Amsterdam,"170,780",,"909,070,395,161",Dutch,"17,332,850",52.132633,5.291266,https://upload.wikimedia.org/wikipedia/commons/2/20/Flag_of_the_Netherlands.svg
New Zealand,NZ,"268,838","9,000",Wellington,"34,382",NZD,"206,928,765,544",English,"4,841,000",-40.900557,174.885971,https://upload.wikimedia.org/wikipedia/commons/3/3e/Flag_of_New_Zealand.svg
Nicaragua,NI,"130,370","12,000",Managua,"5,592",NIO,"12,520,915,291",Spanish,"6,545,502",12.865416,-85.207229, https://upload.wikimedia.org/wikipedia/commons/1/19/Flag_of_Nicaragua.svg
Niger,NE,"1,267,000","10,000",Niamey,"2,017",XOF,"12,928,145,120",French,"23,310,715",17.607789,8.081666,https://upload.wikimedia.org/wikipedia/commons/f/f4/Flag_of_Niger.svg
Nigeria,NG,"923,768","215,000",Abuja,"120,369",NGN,"448,120,428,859",English,"200,963,599",9.081999,8.675277,https://upload.wikimedia.org/wikipedia/commons/7/79/Flag_of_Nigeria.svg
North Korea,KP,"120,538","1,469,000",Pyongyang,"28,284",KPW,"32,100,000,000",Korean,"25,666,161",40.339852,127.510093,https://upload.wikimedia.org/wikipedia/commons/5/51/Flag_of_North_Korea.svg
North Macedonia,,"25,713",0,Skopje,,MKD,"10,220,781,069",Macedonian,"1,836,713",41.608635,21.745275,https://upload.wikimedia.org/wikipedia/commons/7/79/Flag_of_North_Macedonia.svg
Norway,NO,"323,802","23,000",Oslo,"41,023",NOK,"403,336,363,636",Norwegian,"5,347,896",60.472024,8.468946,https://upload.wikimedia.org/wikipedia/commons/d/d9/Flag_of_Norway.svg
Oman,OM,"309,500","47,000",Muscat,"63,457",OMR,"76,983,094,928",Arabic,"5,266,535",21.4735329,55.975413,https://upload.wikimedia.org/wikipedia/commons/d/dd/Flag_of_Oman.svg
Pakistan,PK,"796,095","936,000",Islamabad,"201,150",PKR,"304,400,000,000",Urdu,"216,565,318",30.375321,69.345116,https://upload.wikimedia.org/wikipedia/commons/3/32/Flag_of_Pakistan.svg
Palau,PW,459,0,Ngerulmud,224,USD,"283,994,900",English,"18,233",7.51498,134.58252,https://upload.wikimedia.org/wikipedia/commons/4/48/Flag_of_Palau.svg
Palestinian National Authority,,,0,,,,,Arabic,,31.952162,35.233154,https://upload.wikimedia.org/wikipedia/commons/0/00/Flag_of_Palestine.svg
Panama,PA,"75,420","26,000",Panama City,"10,715",,"66,800,800,000",Spanish,"4,246,439",8.537981,-80.782127,https://upload.wikimedia.org/wikipedia/commons/a/ab/Flag_of_Panama.svg
Papua New Guinea,PG,"462,840","4,000",Port Moresby,"7,536",PGK,"24,969,611,435",Tok Pisin,"8,776,109",-6.314993,143.95555,https://upload.wikimedia.org/wikipedia/commons/e/e3/Flag_of_Papua_New_Guinea.svg
Paraguay,PY,"406,752","27,000",Asunci��,"7,407",PYG,"38,145,288,940",Spanish,"7,044,636",-23.442503,-58.443832,https://upload.wikimedia.org/wikipedia/commons/2/27/Flag_of_Paraguay.svg
Peru,PE,"1,285,216","158,000",Lima,"57,414",PEN,"226,848,050,820",Spanish,"32,510,453",-9.189967,-75.015152,https://upload.wikimedia.org/wikipedia/commons/c/cf/Flag_of_Peru.svg
Philippines,PH,"300,000","153,000",Manila,"122,287",PHP,"376,795,508,680",English,"108,116,615",12.879721,121.774017,https://upload.wikimedia.org/wikipedia/commons/9/99/Flag_of_the_Philippines.svg
Poland,PL,"312,685","191,000",Warsaw,"299,037",PLN,"592,164,400,688",Polish,"37,970,874",51.919438,19.145136,https://upload.wikimedia.org/wikipedia/en/1/12/Flag_of_Poland.svg
Portugal,PT,"92,212","52,000",Lisbon,"48,742",EUR,"237,686,075,635",Portuguese,"10,269,417",39.399872,-8.224454,https://upload.wikimedia.org/wikipedia/commons/5/5c/Flag_of_Portugal.svg
Qatar,QA,"11,586","22,000",Doha,"103,259",QAR,"183,466,208,791",Arabic,"2,832,067",25.354826,51.183884,https://upload.wikimedia.org/wikipedia/commons/6/65/Flag_of_Qatar.svg
Romania,RO,"238,391","126,000",Bucharest,"69,259",RON,"250,077,444,017",Romanian,"19,356,544",45.943161,24.96676,https://upload.wikimedia.org/wikipedia/commons/7/73/Flag_of_Romania.svg
Russia,RU,"17,098,240","1,454,000",Moscow,"1,732,027",RUB,"1,699,876,578,871",Russian,"144,373,535",61.52401,105.318756,https://upload.wikimedia.org/wikipedia/en/f/f3/Flag_of_Russia.svg
Rwanda,RW,"26,338","35,000",Kigali,"1,115",RWF,"10,122,472,590",Swahili,"12,626,950",-1.940278,29.873888,https://upload.wikimedia.org/wikipedia/commons/1/17/Flag_of_Rwanda.svg
Saint Kitts and Nevis,KN,261,0,Basseterre,238,XCD,"1,050,992,593",English,"52,823",17.357822,-62.782998,https://upload.wikimedia.org/wikipedia/commons/f/fe/Flag_of_Saint_Kitts_and_Nevis.svg
Saint Lucia,LC,616,0,Castries,414,XCD,"2,122,450,630",English,"182,790",13.909444,-60.978893,https://upload.wikimedia.org/wikipedia/commons/9/9f/Flag_of_Saint_Lucia.svg
Saint Vincent and the Grenadines,VC,389,0,Kingstown,220,XCD,"825,385,185",English,"100,455",12.984305,-61.287228,https://upload.wikimedia.org/wikipedia/commons/6/6d/Flag_of_Saint_Vincent_and_the_Grenadines.svg
Samoa,WS,"2,831",0,Apia,246,WST,"850,655,017",Samoan,"202,506",-13.759029,-172.104629,https://upload.wikimedia.org/wikipedia/commons/3/31/Flag_of_Samoa.svg
San Marino,SM,61,0,City of San Marino,,EUR,"1,637,931,034",Italian,"33,860",43.94236,12.457777,https://upload.wikimedia.org/wikipedia/commons/b/b1/Flag_of_San_Marino.svg
Saudi Arabia,SA,"2,149,690","252,000",Riyadh,"563,449",SAR,"792,966,838,162",Arabic,"34,268,528",23.885942,45.079162,https://upload.wikimedia.org/wikipedia/commons/0/0d/Flag_of_Saudi_Arabia.svg
Senegal,SN,"196,722","19,000",Dakar,"10,902",XOF,"23,578,084,052",French,"16,296,364",14.497401,-14.452362,https://upload.wikimedia.org/wikipedia/commons/f/fd/Flag_of_Senegal.svg
Serbia,RS,"77,474","32,000",Belgrade,"45,221",RSD,"51,409,167,351",Serbian,"6,944,975",44.016521,21.005859,https://upload.wikimedia.org/wikipedia/commons/f/ff/Flag_of_Serbia.svg
Seychelles,SC,455,0,"Victoria, Seychelles",605,SCR,"1,698,843,063",French,"97,625",-4.679574,55.491977,https://upload.wikimedia.org/wikipedia/commons/f/fc/Flag_of_Seychelles.svg
Sierra Leone,SL,"71,740","9,000",Freetown,"1,093",SLL,"3,941,474,311",English,"7,813,215",8.460555,-11.779889,https://upload.wikimedia.org/wikipedia/commons/1/17/Flag_of_Sierra_Leone.svg
Singapore,SG,716,"81,000",,"37,535",SGD,"372,062,527,489",Malay,"5,703,569",1.352083,103.819836,https://upload.wikimedia.org/wikipedia/commons/4/48/Flag_of_Singapore.svg
Slovakia,SK,"49,035","16,000",Bratislava,"32,424",EUR,"105,422,304,976",Slovak,"5,454,073",48.669026,19.699024,https://upload.wikimedia.org/wikipedia/commons/e/e6/Flag_of_Slovakia.svg
Slovenia,SI,"20,273","7,000",Ljubljana,"12,633",EUR,"53,742,159,517",Slovene language,"2,087,946",46.151241,14.995463,https://upload.wikimedia.org/wikipedia/commons/f/f0/Flag_of_Slovenia.svg
Solomon Islands,SB,"28,896",0,Honiara,169,SBD,"1,425,074,226",English,"669,823",-9.64571,160.156194,https://upload.wikimedia.org/wikipedia/commons/7/74/Flag_of_the_Solomon_Islands.svg
Somalia,SO,"637,657","20,000",Mogadishu,645,SOS,"4,720,727,278",Arabic,"15,442,905",5.152149,46.199616,https://upload.wikimedia.org/wikipedia/commons/a/a0/Flag_of_Somalia.svg
South Africa,ZA,"1,219,090","80,000",Pretoria,"476,644",ZAR,"351,431,649,241",Afrikaans,"58,558,270",-30.559482,22.937506,https://upload.wikimedia.org/wikipedia/commons/a/af/Flag_of_South_Africa.svg
South Korea,KR,"99,720","634,000",Seoul,"620,302",KRW,"2,029,000,000,000",Korean,"51,709,098",35.907757,127.766922, https://upload.wikimedia.org/wikipedia/commons/0/09/Flag_of_South_Korea.svg
South Sudan,SS,"644,329","185,000",Juba,"1,727",SSP,"11,997,800,751",English,"11,062,113",6.8769919,31.3069788,https://upload.wikimedia.org/wikipedia/commons/7/7a/Flag_of_South_Sudan.svg
Spain,ES,"505,370","196,000",Madrid,"244,002",EUR,"1,394,116,310,769",Spanish,"47,076,781",40.463667,-3.74922,https://upload.wikimedia.org/wikipedia/en/9/9a/Flag_of_Spain.svg
Sri Lanka,LK,"65,610","317,000",Colombo,"23,362",LKR,"84,008,783,756",Tamil,"21,803,000",7.873054,80.771797,https://upload.wikimedia.org/wikipedia/commons/1/11/Flag_of_Sri_Lanka.svg
Sudan,SD,"1,861,484","124,000",Khartoum,"20,000",SDG,"18,902,284,476",Arabic,"42,813,238",12.862807,30.217636,https://upload.wikimedia.org/wikipedia/commons/0/01/Flag_of_Sudan.svg
Suriname,SR,"163,820","2,000",Paramaribo,"1,738",SRD,"3,985,250,737",Dutch,"581,372",3.919305,-56.027783,https://upload.wikimedia.org/wikipedia/commons/6/60/Flag_of_Suriname.svg
Sweden,SE,"450,295","30,000",Stockholm,"43,252",SEK,"530,832,908,738",Swedish,"10,285,453",60.128161,18.643501,https://upload.wikimedia.org/wikipedia/en/4/4c/Flag_of_Sweden.svg
Switzerland,CH,"41,277","21,000",Bern,"34,477",CHF,"703,082,435,360",German,"8,574,832",46.818188,8.227512,https://upload.wikimedia.org/wikipedia/commons/0/08/Flag_of_Switzerland_%28Pantone%29.svg
Syria,SY,"185,180","239,000",Damascus,"28,830",SYP,"40,405,006,007",Arabic,"17,070,135",34.802075,38.996815,https://upload.wikimedia.org/wikipedia/commons/5/53/Flag_of_Syria.svg
Tajikistan,TJ,"144,100","17,000",Dushanbe,"5,310",TJS,"8,116,626,794",Persian,"9,321,018",38.861034,71.276093,https://upload.wikimedia.org/wikipedia/commons/d/d0/Flag_of_Tajikistan.svg
Tanzania,TZ,"947,300","28,000",Dodoma,"11,973",TZS,"63,177,068,175",Swahili,"58,005,463",-6.369028,34.888822,https://upload.wikimedia.org/wikipedia/commons/3/38/Flag_of_Tanzania.svg
Thailand,TH,"513,120","455,000",Bangkok,"283,763",THB,"543,649,976,166",Thai,"69,625,582",15.870032,100.992541,https://upload.wikimedia.org/wikipedia/commons/a/a9/Flag_of_Thailand.svg
East Timor,TL,"14,874","2,000",Dili,495,USD,"1,673,540,300",Portuguese,"3,500,000",-8.874217,125.727539,https://upload.wikimedia.org/wikipedia/commons/2/26/Flag_of_East_Timor.svg
Togo,TG,"56,785","10,000",Lom�,"3,000",XOF,"5,459,979,417",French,"8,082,366",8.619543,0.824782,https://upload.wikimedia.org/wikipedia/commons/6/68/Flag_of_Togo.svg
Tonga,TO,747,0,Nuku����,128,TOP,"450,353,314",Tongan Language,"100,209",-21.178986,-175.198242,https://upload.wikimedia.org/wikipedia/commons/9/9a/Flag_of_Tonga.svg
Trinidad and Tobago,TT,"5,128","4,000",Port of Spain,"43,868",TTD,"24,100,202,834",English,"1,394,973",10.691803,-61.222503,https://upload.wikimedia.org/wikipedia/commons/6/64/Flag_of_Trinidad_and_Tobago.svg
Tunisia,TN,"163,610","48,000",Tunis,"29,937",TND,"38,797,709,924",Arabic,"11,694,719",33.886917,9.537499,https://upload.wikimedia.org/wikipedia/commons/c/ce/Flag_of_Tunisia.svg
Turkey,TR,"783,562","512,000",Ankara,"372,725",TRY,"754,411,708,203",Turkish,"83,429,615",38.963745,35.243322,https://upload.wikimedia.org/wikipedia/commons/b/b4/Flag_of_Turkey.svg
Turkmenistan,TM,"488,100","42,000",Ashgabat,"70,630",TMT,"40,761,142,857",Turkmen,"5,942,089",38.969719,59.556278,https://upload.wikimedia.org/wikipedia/commons/1/1b/Flag_of_Turkmenistan.svg
Tuvalu,TV,26,0,Funafuti,11,AUD,"47,271,463",Tuvaluan Language,"11,646",-7.109535,177.64933,https://upload.wikimedia.org/wikipedia/commons/3/38/Flag_of_Tuvalu.svg
Uganda,UG,"241,038","46,000",Kampala,"5,680",UGX,"34,387,229,486",Swahili,"44,269,594",1.373333,32.290275,https://upload.wikimedia.org/wikipedia/commons/4/4e/Flag_of_Uganda.svg
Ukraine,UA,"603,550","297,000",Kyiv,"202,250",UAH,"153,781,069,118",Ukrainian,"44,385,155",48.379433,31.16558,https://upload.wikimedia.org/wikipedia/commons/4/49/Flag_of_Ukraine.svg
United Arab Emirates,AE,"83,600","63,000",Abu Dhabi,"206,324",AED,"421,142,267,938",Arabic,"9,770,529",23.424076,53.847818,https://upload.wikimedia.org/wikipedia/commons/c/cb/Flag_of_the_United_Arab_Emirates.svg
United Kingdom,GB,"243,610","148,000",London,"379,025",GBP,"2,827,113,184,696",English,"66,834,405",55.378051,-3.435973,https://upload.wikimedia.org/wikipedia/en/a/ae/Flag_of_the_United_Kingdom.svg
United States,US,"9,833,517","1,359,000","Washington, D.C.","5,006,302",USD,"21,427,700,000,000",None,"328,239,523",37.09024,-95.712891,https://upload.wikimedia.org/wikipedia/en/a/a4/Flag_of_the_United_States.svg
Uruguay,UY,"176,215","22,000",Montevideo,"6,766",UYU,"56,045,912,952",Spanish,"3,461,734",-32.522779,-55.765835,https://upload.wikimedia.org/wikipedia/commons/f/fe/Flag_of_Uruguay.svg
Uzbekistan,UZ,"447,400","68,000",Tashkent,"91,811",UZS,"57,921,286,440",Uzbek,"33,580,650",41.377491,64.585262,https://upload.wikimedia.org/wikipedia/commons/8/84/Flag_of_Uzbekistan.svg
Vanuatu,VU,"12,189",0,Port Vila,147,VUV,"917,058,851",French,"299,882",-15.376706,166.959158,https://upload.wikimedia.org/wikipedia/commons/b/bc/Flag_of_Vanuatu.svg
Venezuela,VE,"912,050","343,000",Caracas,"164,175",VED,"482,359,318,768",Spanish,"28,515,829",6.42375,-66.58973,https://upload.wikimedia.org/wikipedia/commons/0/06/Flag_of_Venezuela.svg
Vietnam,VN,"331,210","522,000",Hanoi,"192,668",VND,"261,921,244,843",Vietnamese,"96,462,106",14.058324,108.277199,https://upload.wikimedia.org/wikipedia/commons/2/21/Flag_of_Vietnam.svg
Yemen,YE,"527,968","40,000",Sanaa,"10,609",YER,"26,914,402,224",Arabic,"29,161,922",15.552727,48.516388,https://upload.wikimedia.org/wikipedia/commons/8/89/Flag_of_Yemen.svg
Zambia,ZM,"752,618","16,000",Lusaka,"5,141",ZMW,"23,064,722,446",English,"17,861,030",-13.133897,27.849332,https://upload.wikimedia.org/wikipedia/commons/0/06/Flag_of_Zambia.svg
Zimbabwe,ZW,"390,757","51,000",Harare,"10,983",,"21,440,758,800",Shona,"14,645,468",-19.015438,29.154857,https://upload.wikimedia.org/wikipedia/commons/6/6a/Flag_of_Zimbabwe.svg
